﻿标题,参数,能否编译,备注,来源,能否运行,属性
objdump-2017-8398,-W @@,是,,file,是,
swftophp-4.7-2016-9827,@@,是,,file,是,
swftophp-4.7-2016-9829,@@,是,可以跑，但是插的函数太少了，只收集到了2个约束..,file,是,
swftophp-4.7-2016-9831,@@,是,,file,是,
swftophp-4.7-2017-9988,@@,是,,file,是,
swftophp-4.7-2017-11728,@@,是,可以跑，但是插的函数太少了，只收集到了2个约束..,file,是,
swftophp-4.7-2017-11729,@@,是,可以跑，但是插的函数太少了，只收集到了2个约束..,file,是,
swftophp-4.7.1-2017-7578,@@,是,,file,是,
swftophp-4.8-2018-7868,@@,是,,file,是,
swftophp-4.8-2018-8807,@@,是,,file,是,
swftophp-4.8-2018-8962,@@,是,,file,是,
swftophp-4.8-2018-11095,@@,是,,file,是,
swftophp-4.8-2018-11225,@@,是,,file,是,
swftophp-4.8-2018-11226,@@,是,,file,是,
swftophp-4.8-2018-20427,@@,是,可以跑，但是插的函数太少了，只收集到了2个约束..,file,是,待跑
swftophp-4.8.1-2019-9114,@@,是,可以跑，但是插的函数太少了，只收集到了2个约束..,file,是,待跑
swftophp-4.8-2019-12982,@@,是,,file,是,完成
swftophp-4.8-2020-6628,@@,是,,file,是,完成
lrzip-9de7ccb-2017-8846,-t @@,否,checking for BZ2_bzBuffToBuffCompress in -lbz2... no configure: error: Could not find bz2 library - please install libbz2-dev,file,否,
lrzip-ed51e14-2018-11496,-t @@,否,checking for BZ2_bzBuffToBuffCompress in -lbz2... no configure: error: Could not find bz2 library - please install libbz2-dev,file,否,
cxxfilt-2016-4487,,是,能跑，种子正常，但是无法收集到污点分析结果,stdin,是,
cxxfilt-2016-4489,,是,能跑，种子正常，但是无法收集到污点分析结果,stdin,是,
cxxfilt-2016-4490,,是,能跑，种子正常，但是无法收集到污点分析结果,stdin,是,
cxxfilt-2016-4491,,是,能跑，种子正常，但是无法收集到污点分析结果,stdin,是,
cxxfilt-2016-4492,,是,能跑，种子正常，但是无法收集到污点分析结果,stdin,是,
cxxfilt-2016-6131,,是,能跑，种子正常，但是无法收集到污点分析结果,stdin,是,
objdump-2.31.1-2018-17360,--dwarf-check -C -g -f -dwarf -x @@,是,,file,是,
objcopy-2017-8393,--compress-debug-sections @@ out,是,"可以跑，但是会报出很多的WARN WARN  angora::executor::executor > inconsistent : CondStmt { base: CondStmtBase { cmpid: 3435724796, context: 340002, order: 1, belong: 43, condition: 0, level: 0, op: 36, size: 8, lb1: 7757, lb2: 7757, arg1: 18446744073709551571, arg2: 18446744073709551571 }, offsets: [TagSeg { sign: false, begin: 4690, end: 4698 }], offsets_opt: [], variables: [211, 255, 255, 255, 255, 255, 255, 255], speed: 6302, is_desirable: true, is_consistent: false, fuzz_times: 1, state: Offset, num_minimal_optima: 0, linear: true }",file,是,
objcopy-2017-8394,-Gs @@ out,是,同2017-8393也会有很多WARN，内容都是 inconsistent,file,是,
objcopy-2017-8395,--compress-debug-sections @@ out,是,同2017-8393也会有很多WARN，内容都是 inconsistent,file,是,
objdump-2017-8392,-SD @@,是,,file,是,
objdump-2017-8396,-W @@,是,,file,是,
objdump-2017-8397,-W @@,是,,file,是,
strip-2017-7303,-o /dev/null @@,是,编译出的track文件，无法生成污点分析结果,file,否,
nm-2017-14940,-A -a -l -S -s --special-syms --synthetic --with-symbol-versions -D @@,是,能跑，种子正常，但是无法收集到污点分析结果,file,是,
readelf-2017-16828,-w @@,否,编译错误，似乎与编译选项中有-m32有关,file,否,
xmllint-2017-5969,--recover @@,是,能跑，种子正常，但是无法收集到污点分析结果,file,否,
xmllint-2017-9047,--valid @@,是,能跑，种子正常，但是无法收集到污点分析结果,file,否,
xmllint-2017-9048,--valid @@,是,能跑，种子正常，但是无法收集到污点分析结果,file,否,
cjpeg-1.5.90-2018-14498,-outfile /dev/null @@,,,file,,
cjpeg-2.0.4-2020-13790,-outfile /dev/null @@,,,file,,
